-- MySQL dump 10.13  Distrib 8.0.31, for Win64 (x86_64)
--
-- Host: 127.0.0.1    Database: pensador
-- ------------------------------------------------------
-- Server version	8.0.30

/*!40101 SET @OLD_CHARACTER_SET_CLIENT=@@CHARACTER_SET_CLIENT */;
/*!40101 SET @OLD_CHARACTER_SET_RESULTS=@@CHARACTER_SET_RESULTS */;
/*!40101 SET @OLD_COLLATION_CONNECTION=@@COLLATION_CONNECTION */;
/*!50503 SET NAMES utf8 */;
/*!40103 SET @OLD_TIME_ZONE=@@TIME_ZONE */;
/*!40103 SET TIME_ZONE='+00:00' */;
/*!40014 SET @OLD_UNIQUE_CHECKS=@@UNIQUE_CHECKS, UNIQUE_CHECKS=0 */;
/*!40014 SET @OLD_FOREIGN_KEY_CHECKS=@@FOREIGN_KEY_CHECKS, FOREIGN_KEY_CHECKS=0 */;
/*!40101 SET @OLD_SQL_MODE=@@SQL_MODE, SQL_MODE='NO_AUTO_VALUE_ON_ZERO' */;
/*!40111 SET @OLD_SQL_NOTES=@@SQL_NOTES, SQL_NOTES=0 */;

--
-- Table structure for table `categoria_frases`
--

DROP TABLE IF EXISTS `categoria_frases`;
/*!40101 SET @saved_cs_client     = @@character_set_client */;
/*!50503 SET character_set_client = utf8mb4 */;
CREATE TABLE `categoria_frases` (
  `id` bigint unsigned NOT NULL AUTO_INCREMENT,
  `frase_id` bigint unsigned NOT NULL,
  `categoria_id` bigint unsigned NOT NULL,
  `created_at` timestamp NULL DEFAULT NULL,
  `updated_at` timestamp NULL DEFAULT NULL,
  PRIMARY KEY (`id`),
  KEY `frase_id` (`frase_id`),
  KEY `categoria_id` (`categoria_id`),
  CONSTRAINT `FK_categoria_frases_categorias` FOREIGN KEY (`categoria_id`) REFERENCES `categorias` (`id`),
  CONSTRAINT `FK_categoria_frases_frases` FOREIGN KEY (`frase_id`) REFERENCES `frases` (`id`)
) ENGINE=InnoDB AUTO_INCREMENT=254 DEFAULT CHARSET=utf8mb4 COLLATE=utf8mb4_unicode_ci;
/*!40101 SET character_set_client = @saved_cs_client */;

--
-- Dumping data for table `categoria_frases`
--

LOCK TABLES `categoria_frases` WRITE;
/*!40000 ALTER TABLE `categoria_frases` DISABLE KEYS */;
INSERT INTO `categoria_frases` VALUES (8,29,18,'2023-07-20 07:10:02','2023-07-20 07:10:02'),(13,34,18,'2023-07-20 20:44:36','2023-07-20 20:44:36'),(14,35,18,'2023-07-20 20:45:24','2023-07-20 20:45:24'),(15,36,18,'2023-07-20 20:45:48','2023-07-20 20:45:48'),(16,37,18,'2023-07-20 20:45:56','2023-07-20 20:45:56'),(17,38,18,'2023-07-20 20:46:02','2023-07-20 20:46:02'),(18,39,18,'2023-07-20 20:46:11','2023-07-20 20:46:11'),(19,40,18,'2023-07-20 20:46:18','2023-07-20 20:46:18'),(20,41,18,'2023-07-20 20:46:25','2023-07-20 20:46:25'),(21,42,18,'2023-07-20 20:46:31','2023-07-20 20:46:31'),(22,43,18,'2023-07-20 20:46:41','2023-07-20 20:46:41'),(23,44,18,'2023-07-20 20:47:03','2023-07-20 20:47:03'),(24,45,18,'2023-07-20 20:47:36','2023-07-20 20:47:36'),(25,46,18,'2023-07-20 20:47:44','2023-07-20 20:47:44'),(26,47,18,'2023-07-20 20:47:54','2023-07-20 20:47:54'),(27,48,18,'2023-07-20 20:48:55','2023-07-20 20:48:55'),(28,49,18,'2023-07-20 20:49:02','2023-07-20 20:49:02'),(29,50,18,'2023-07-20 20:49:12','2023-07-20 20:49:12'),(30,51,18,'2023-07-20 20:49:27','2023-07-20 20:49:27'),(31,52,18,'2023-07-20 20:51:02','2023-07-20 20:51:02'),(32,53,18,'2023-07-20 20:51:13','2023-07-20 20:51:13'),(33,54,18,'2023-07-20 20:52:39','2023-07-20 20:52:39'),(34,55,18,'2023-07-20 20:52:55','2023-07-20 20:52:55'),(35,56,18,'2023-07-20 20:53:00','2023-07-20 20:53:00'),(36,57,18,'2023-07-20 20:53:15','2023-07-20 20:53:15'),(37,58,18,'2023-07-20 20:53:22','2023-07-20 20:53:22'),(38,59,18,'2023-07-20 20:53:28','2023-07-20 20:53:28'),(39,60,18,'2023-07-20 20:53:36','2023-07-20 20:53:36'),(40,61,18,'2023-07-20 20:53:43','2023-07-20 20:53:43'),(41,62,18,'2023-07-20 20:53:50','2023-07-20 20:53:50'),(42,63,18,'2023-07-20 20:53:57','2023-07-20 20:53:57'),(43,64,18,'2023-07-20 20:54:04','2023-07-20 20:54:04'),(44,65,18,'2023-07-20 20:54:10','2023-07-20 20:54:10'),(45,66,18,'2023-07-20 20:54:17','2023-07-20 20:54:17'),(46,67,18,'2023-07-20 20:54:28','2023-07-20 20:54:28'),(47,68,18,'2023-07-20 20:54:35','2023-07-20 20:54:35'),(48,69,18,'2023-07-20 20:54:45','2023-07-20 20:54:45'),(49,70,18,'2023-07-20 20:54:55','2023-07-20 20:54:55'),(50,71,18,'2023-07-20 20:55:08','2023-07-20 20:55:08'),(51,72,18,'2023-07-20 20:55:14','2023-07-20 20:55:14'),(52,73,18,'2023-07-20 20:55:21','2023-07-20 20:55:21'),(53,74,18,'2023-07-20 20:55:37','2023-07-20 20:55:37'),(54,75,18,'2023-07-20 20:55:45','2023-07-20 20:55:45'),(55,76,18,'2023-07-20 20:55:52','2023-07-20 20:55:52'),(56,77,18,'2023-07-20 20:56:00','2023-07-20 20:56:00'),(57,78,18,'2023-07-20 21:01:48','2023-07-20 21:01:48'),(58,79,18,'2023-07-20 21:01:56','2023-07-20 21:01:56'),(59,80,18,'2023-07-20 21:02:05','2023-07-20 21:02:05'),(60,81,18,'2023-07-20 21:02:16','2023-07-20 21:02:16'),(61,82,18,'2023-07-20 21:02:24','2023-07-20 21:02:24'),(62,83,18,'2023-07-20 21:02:32','2023-07-20 21:02:32'),(63,84,18,'2023-07-20 21:02:40','2023-07-20 21:02:40'),(64,85,18,'2023-07-20 21:02:45','2023-07-20 21:02:45'),(65,86,18,'2023-07-20 21:02:53','2023-07-20 21:02:53'),(66,87,18,'2023-07-20 21:03:00','2023-07-20 21:03:00'),(67,88,18,'2023-07-20 21:03:08','2023-07-20 21:03:08'),(68,89,18,'2023-07-20 21:03:15','2023-07-20 21:03:15'),(69,90,18,'2023-07-20 21:03:21','2023-07-20 21:03:21'),(70,91,18,'2023-07-20 21:03:28','2023-07-20 21:03:28'),(71,92,18,'2023-07-20 21:03:34','2023-07-20 21:03:34'),(72,93,18,'2023-07-20 21:03:42','2023-07-20 21:03:42'),(73,94,18,'2023-07-20 21:03:49','2023-07-20 21:03:49'),(74,95,18,'2023-07-20 21:03:56','2023-07-20 21:03:56'),(75,96,18,'2023-07-20 21:04:02','2023-07-20 21:04:02'),(76,97,18,'2023-07-20 21:04:11','2023-07-20 21:04:11'),(77,98,18,'2023-07-20 21:04:18','2023-07-20 21:04:18'),(78,99,18,'2023-07-20 21:04:25','2023-07-20 21:04:25'),(79,100,18,'2023-07-20 21:04:32','2023-07-20 21:04:32'),(80,101,18,'2023-07-20 21:04:40','2023-07-20 21:04:40'),(81,102,18,'2023-07-20 21:05:02','2023-07-20 21:05:02'),(82,103,18,'2023-07-20 21:05:11','2023-07-20 21:05:11'),(83,104,18,'2023-07-20 21:05:23','2023-07-20 21:05:23'),(84,105,18,'2023-07-20 21:05:30','2023-07-20 21:05:30'),(85,106,18,'2023-07-20 21:05:36','2023-07-20 21:05:36'),(86,107,18,'2023-07-20 21:05:43','2023-07-20 21:05:43'),(87,108,18,'2023-07-20 21:05:59','2023-07-20 21:05:59'),(88,109,18,'2023-07-20 21:06:06','2023-07-20 21:06:06'),(89,110,18,'2023-07-20 21:06:23','2023-07-20 21:06:23'),(90,111,18,'2023-07-20 21:08:05','2023-07-20 21:08:05'),(91,112,18,'2023-07-20 21:08:45','2023-07-20 21:08:45'),(92,113,18,'2023-07-20 21:08:53','2023-07-20 21:08:53'),(93,114,18,'2023-07-20 21:09:01','2023-07-20 21:09:01'),(94,115,18,'2023-07-20 21:09:08','2023-07-20 21:09:08'),(95,116,18,'2023-07-20 21:09:16','2023-07-20 21:09:16'),(96,117,18,'2023-07-20 21:09:23','2023-07-20 21:09:23'),(97,118,18,'2023-07-20 21:09:30','2023-07-20 21:09:30'),(98,119,18,'2023-07-20 21:09:38','2023-07-20 21:09:38'),(99,120,18,'2023-07-20 21:09:46','2023-07-20 21:09:46'),(100,121,18,'2023-07-20 21:09:52','2023-07-20 21:09:52'),(101,122,18,'2023-07-20 21:09:59','2023-07-20 21:09:59'),(102,123,18,'2023-07-20 21:10:07','2023-07-20 21:10:07'),(103,124,18,'2023-07-20 21:10:15','2023-07-20 21:10:15'),(104,125,18,'2023-07-20 21:10:23','2023-07-20 21:10:23'),(105,126,18,'2023-07-20 21:10:29','2023-07-20 21:10:29'),(106,127,18,'2023-07-20 21:10:37','2023-07-20 21:10:37'),(107,128,18,'2023-07-20 21:10:45','2023-07-20 21:10:45'),(108,129,18,'2023-07-20 21:10:53','2023-07-20 21:10:53'),(109,130,18,'2023-07-20 21:10:59','2023-07-20 21:10:59'),(110,131,18,'2023-07-20 21:11:06','2023-07-20 21:11:06'),(111,132,18,'2023-07-20 21:11:12','2023-07-20 21:11:12'),(112,133,120,'2023-07-20 21:14:17','2023-07-20 21:14:17'),(113,134,120,'2023-07-20 21:14:26','2023-07-20 21:14:26'),(114,135,120,'2023-07-20 21:14:33','2023-07-20 21:14:33'),(115,136,120,'2023-07-20 21:14:40','2023-07-20 21:14:40'),(116,137,120,'2023-07-20 21:14:46','2023-07-20 21:14:46'),(117,138,120,'2023-07-20 21:14:47','2023-07-20 21:14:47'),(118,139,120,'2023-07-20 21:14:53','2023-07-20 21:14:53'),(119,140,120,'2023-07-20 21:15:01','2023-07-20 21:15:01'),(120,141,120,'2023-07-20 21:15:10','2023-07-20 21:15:10'),(121,142,120,'2023-07-20 21:15:20','2023-07-20 21:15:20'),(122,143,120,'2023-07-20 21:15:26','2023-07-20 21:15:26'),(123,144,120,'2023-07-20 21:15:34','2023-07-20 21:15:34'),(124,145,120,'2023-07-20 21:15:40','2023-07-20 21:15:40'),(125,146,120,'2023-07-20 21:15:47','2023-07-20 21:15:47'),(126,147,120,'2023-07-20 21:15:55','2023-07-20 21:15:55'),(127,148,120,'2023-07-20 21:16:03','2023-07-20 21:16:03'),(128,149,120,'2023-07-20 21:16:11','2023-07-20 21:16:11'),(129,150,120,'2023-07-20 21:16:19','2023-07-20 21:16:19'),(130,151,120,'2023-07-20 21:16:27','2023-07-20 21:16:27'),(131,152,120,'2023-07-20 21:16:44','2023-07-20 21:16:44'),(132,153,120,'2023-07-20 21:16:50','2023-07-20 21:16:50'),(133,154,120,'2023-07-20 21:17:14','2023-07-20 21:17:14'),(134,155,120,'2023-07-20 21:17:20','2023-07-20 21:17:20'),(135,156,120,'2023-07-20 21:17:27','2023-07-20 21:17:27'),(136,157,120,'2023-07-20 21:17:34','2023-07-20 21:17:34'),(137,158,120,'2023-07-20 21:17:41','2023-07-20 21:17:41'),(138,159,120,'2023-07-20 21:17:49','2023-07-20 21:17:49'),(139,160,120,'2023-07-20 21:17:57','2023-07-20 21:17:57'),(140,161,120,'2023-07-20 21:18:03','2023-07-20 21:18:03'),(141,162,120,'2023-07-20 21:18:10','2023-07-20 21:18:10'),(142,163,120,'2023-07-20 21:18:16','2023-07-20 21:18:16'),(143,164,38,'2023-07-20 21:22:37','2023-07-20 21:22:37'),(144,165,38,'2023-07-20 21:22:44','2023-07-20 21:22:44'),(145,166,38,'2023-07-20 21:22:54','2023-07-20 21:22:54'),(146,167,38,'2023-07-20 21:23:00','2023-07-20 21:23:00'),(147,168,38,'2023-07-20 21:23:09','2023-07-20 21:23:09'),(148,169,38,'2023-07-20 21:23:16','2023-07-20 21:23:16'),(149,170,38,'2023-07-20 21:23:24','2023-07-20 21:23:24'),(150,171,38,'2023-07-20 21:23:32','2023-07-20 21:23:32'),(151,172,38,'2023-07-20 21:23:39','2023-07-20 21:23:39'),(152,173,38,'2023-07-20 21:23:46','2023-07-20 21:23:46'),(153,174,39,'2023-07-20 21:24:21','2023-07-20 21:24:21'),(154,175,39,'2023-07-20 21:24:29','2023-07-20 21:24:29'),(155,176,39,'2023-07-20 21:24:41','2023-07-20 21:24:41'),(156,177,39,'2023-07-20 21:24:48','2023-07-20 21:24:48'),(157,178,39,'2023-07-20 21:24:54','2023-07-20 21:24:54'),(158,179,39,'2023-07-20 21:25:01','2023-07-20 21:25:01'),(159,180,39,'2023-07-20 21:25:12','2023-07-20 21:25:12'),(160,181,39,'2023-07-20 21:25:19','2023-07-20 21:25:19'),(161,182,39,'2023-07-20 21:25:27','2023-07-20 21:25:27'),(162,183,39,'2023-07-20 21:25:34','2023-07-20 21:25:34'),(163,184,39,'2023-07-20 21:25:41','2023-07-20 21:25:41'),(164,185,39,'2023-07-20 21:25:49','2023-07-20 21:25:49'),(165,186,39,'2023-07-20 21:25:56','2023-07-20 21:25:56'),(166,187,39,'2023-07-20 21:26:05','2023-07-20 21:26:05'),(167,188,39,'2023-07-20 21:26:12','2023-07-20 21:26:12'),(168,189,88,'2023-07-20 21:28:29','2023-07-20 21:28:29'),(169,190,88,'2023-07-20 21:28:36','2023-07-20 21:28:36'),(170,191,88,'2023-07-20 21:28:45','2023-07-20 21:28:45'),(171,192,88,'2023-07-20 21:28:53','2023-07-20 21:28:53'),(172,193,88,'2023-07-20 21:29:01','2023-07-20 21:29:01'),(173,194,88,'2023-07-20 21:29:08','2023-07-20 21:29:08'),(174,195,88,'2023-07-20 21:29:16','2023-07-20 21:29:16'),(175,196,88,'2023-07-20 21:29:23','2023-07-20 21:29:23'),(176,197,88,'2023-07-20 21:31:05','2023-07-20 21:31:05'),(177,198,88,'2023-07-20 21:31:12','2023-07-20 21:31:12'),(178,199,88,'2023-07-20 21:31:23','2023-07-20 21:31:23'),(179,200,88,'2023-07-20 21:31:34','2023-07-20 21:31:34'),(180,201,88,'2023-07-20 21:31:45','2023-07-20 21:31:45'),(181,202,88,'2023-07-20 21:31:52','2023-07-20 21:31:52'),(182,203,88,'2023-07-20 21:31:59','2023-07-20 21:31:59'),(183,204,88,'2023-07-20 21:32:08','2023-07-20 21:32:08'),(184,205,88,'2023-07-20 21:32:20','2023-07-20 21:32:20'),(185,206,88,'2023-07-20 21:32:31','2023-07-20 21:32:31'),(186,207,88,'2023-07-20 21:32:57','2023-07-20 21:32:57'),(187,208,88,'2023-07-20 21:33:05','2023-07-20 21:33:05'),(188,209,88,'2023-07-20 21:33:13','2023-07-20 21:33:13'),(189,210,88,'2023-07-20 21:33:26','2023-07-20 21:33:26'),(190,211,88,'2023-07-20 21:33:35','2023-07-20 21:33:35'),(191,212,88,'2023-07-20 21:36:10','2023-07-20 21:36:10'),(192,213,88,'2023-07-20 21:37:25','2023-07-20 21:37:25'),(193,214,88,'2023-07-20 21:37:35','2023-07-20 21:37:35'),(194,215,88,'2023-07-20 21:37:42','2023-07-20 21:37:42'),(195,216,88,'2023-07-20 21:37:49','2023-07-20 21:37:49'),(196,217,88,'2023-07-20 21:37:58','2023-07-20 21:37:58'),(197,218,88,'2023-07-20 21:38:05','2023-07-20 21:38:05'),(198,219,88,'2023-07-20 21:38:13','2023-07-20 21:38:13'),(199,220,88,'2023-07-20 21:38:21','2023-07-20 21:38:21'),(200,221,88,'2023-07-20 21:38:28','2023-07-20 21:38:28'),(201,222,88,'2023-07-20 21:38:35','2023-07-20 21:38:35'),(202,223,88,'2023-07-20 21:38:42','2023-07-20 21:38:42'),(203,224,88,'2023-07-20 21:38:55','2023-07-20 21:38:55'),(204,225,88,'2023-07-20 21:39:22','2023-07-20 21:39:22'),(205,226,88,'2023-07-20 21:39:31','2023-07-20 21:39:31'),(206,227,88,'2023-07-20 21:39:38','2023-07-20 21:39:38'),(207,228,88,'2023-07-20 21:39:45','2023-07-20 21:39:45'),(208,229,88,'2023-07-20 21:39:52','2023-07-20 21:39:52'),(209,230,88,'2023-07-20 21:39:59','2023-07-20 21:39:59'),(210,231,88,'2023-07-20 21:40:08','2023-07-20 21:40:08'),(211,232,88,'2023-07-20 21:40:16','2023-07-20 21:40:16'),(212,233,88,'2023-07-20 21:40:24','2023-07-20 21:40:24'),(213,234,88,'2023-07-20 21:40:32','2023-07-20 21:40:32'),(214,235,88,'2023-07-20 21:40:39','2023-07-20 21:40:39'),(215,236,88,'2023-07-20 21:40:46','2023-07-20 21:40:46'),(216,237,88,'2023-07-20 21:40:58','2023-07-20 21:40:58'),(217,238,88,'2023-07-20 21:43:22','2023-07-20 21:43:22'),(218,239,88,'2023-07-20 21:43:30','2023-07-20 21:43:30'),(219,240,88,'2023-07-20 21:43:36','2023-07-20 21:43:36'),(220,241,88,'2023-07-20 21:43:42','2023-07-20 21:43:42'),(221,242,88,'2023-07-20 21:43:49','2023-07-20 21:43:49'),(222,243,88,'2023-07-20 21:43:57','2023-07-20 21:43:57'),(223,244,88,'2023-07-20 21:44:05','2023-07-20 21:44:05'),(224,245,88,'2023-07-20 21:44:12','2023-07-20 21:44:12'),(225,246,88,'2023-07-20 21:44:19','2023-07-20 21:44:19'),(226,247,88,'2023-07-20 21:44:26','2023-07-20 21:44:26'),(227,248,88,'2023-07-20 21:44:38','2023-07-20 21:44:38'),(228,249,88,'2023-07-20 21:44:46','2023-07-20 21:44:46'),(229,250,88,'2023-07-20 21:44:57','2023-07-20 21:44:57'),(230,251,88,'2023-07-20 21:45:04','2023-07-20 21:45:04'),(231,252,88,'2023-07-20 21:45:12','2023-07-20 21:45:12'),(232,253,88,'2023-07-20 21:45:20','2023-07-20 21:45:20'),(233,254,88,'2023-07-20 21:45:28','2023-07-20 21:45:28'),(234,255,88,'2023-07-20 21:45:36','2023-07-20 21:45:36'),(235,256,88,'2023-07-20 21:45:44','2023-07-20 21:45:44'),(236,257,88,'2023-07-20 21:45:51','2023-07-20 21:45:51'),(237,258,88,'2023-07-20 21:45:59','2023-07-20 21:45:59'),(238,259,88,'2023-07-20 21:46:07','2023-07-20 21:46:07'),(239,260,88,'2023-07-20 21:46:14','2023-07-20 21:46:14'),(240,261,88,'2023-07-20 21:46:24','2023-07-20 21:46:24'),(241,262,88,'2023-07-20 21:46:31','2023-07-20 21:46:31'),(242,263,88,'2023-07-20 21:46:38','2023-07-20 21:46:38'),(243,264,88,'2023-07-20 21:46:46','2023-07-20 21:46:46'),(244,265,88,'2023-07-20 21:47:27','2023-07-20 21:47:27'),(245,266,88,'2023-07-20 21:47:36','2023-07-20 21:47:36'),(246,267,88,'2023-07-20 21:47:42','2023-07-20 21:47:42'),(247,268,88,'2023-07-20 21:47:51','2023-07-20 21:47:51'),(248,269,88,'2023-07-20 21:47:58','2023-07-20 21:47:58'),(249,270,88,'2023-07-20 21:48:05','2023-07-20 21:48:05'),(250,271,88,'2023-07-20 21:48:15','2023-07-20 21:48:15'),(251,272,88,'2023-07-20 21:48:24','2023-07-20 21:48:24'),(252,273,88,'2023-07-20 21:48:32','2023-07-20 21:48:32'),(253,274,88,'2023-07-20 21:48:40','2023-07-20 21:48:40');
/*!40000 ALTER TABLE `categoria_frases` ENABLE KEYS */;
UNLOCK TABLES;

--
-- Table structure for table `categorias`
--

DROP TABLE IF EXISTS `categorias`;
/*!40101 SET @saved_cs_client     = @@character_set_client */;
/*!50503 SET character_set_client = utf8mb4 */;
CREATE TABLE `categorias` (
  `id` bigint(10) unsigned zerofill NOT NULL AUTO_INCREMENT,
  `nome` varchar(255) COLLATE utf8mb4_unicode_ci NOT NULL,
  `created_at` timestamp NULL DEFAULT NULL,
  `updated_at` timestamp NULL DEFAULT NULL,
  PRIMARY KEY (`id`)
) ENGINE=InnoDB AUTO_INCREMENT=121 DEFAULT CHARSET=utf8mb4 COLLATE=utf8mb4_unicode_ci;
/*!40101 SET character_set_client = @saved_cs_client */;

--
-- Dumping data for table `categorias`
--

LOCK TABLES `categorias` WRITE;
/*!40000 ALTER TABLE `categorias` DISABLE KEYS */;
INSERT INTO `categorias` VALUES (0000000018,'Jesus Cristo','2023-07-20 06:45:31','2023-07-20 10:59:16'),(0000000038,'Amor','2023-07-20 20:00:44','2023-07-20 20:00:44'),(0000000039,'Amizade','2023-07-20 20:00:55','2023-07-20 20:00:55'),(0000000040,'Motivação','2023-07-20 20:01:03','2023-07-20 20:01:03'),(0000000041,'Inspiração','2023-07-20 20:01:11','2023-07-20 20:01:11'),(0000000042,'Sucesso','2023-07-20 20:01:34','2023-07-20 20:01:34'),(0000000043,'Felicidade','2023-07-20 20:01:42','2023-07-20 20:01:42'),(0000000044,'Reflexão','2023-07-20 20:01:49','2023-07-20 20:01:49'),(0000000045,'Família','2023-07-20 20:01:58','2023-07-20 20:01:58'),(0000000046,'Viagem','2023-07-20 20:02:06','2023-07-20 20:02:06'),(0000000047,'Humor','2023-07-20 20:02:22','2023-07-20 20:02:22'),(0000000048,'Relacionamentos','2023-07-20 20:02:38','2023-07-20 20:02:38'),(0000000049,'Autoestima','2023-07-20 20:02:45','2023-07-20 20:02:45'),(0000000050,'Espiritualidade','2023-07-20 20:02:52','2023-07-20 20:02:52'),(0000000051,'Trabalho','2023-07-20 20:02:59','2023-07-20 20:02:59'),(0000000052,'Educação','2023-07-20 20:04:25','2023-07-20 20:04:25'),(0000000053,'Saúde','2023-07-20 20:04:34','2023-07-20 20:04:34'),(0000000054,'Moda e estilo','2023-07-20 20:04:43','2023-07-20 20:04:43'),(0000000055,'Música','2023-07-20 20:04:50','2023-07-20 20:04:50'),(0000000056,'Arte e criatividade','2023-07-20 20:05:03','2023-07-20 20:05:03'),(0000000057,'Livros e literatura','2023-07-20 20:05:12','2023-07-20 20:05:12'),(0000000058,'Sabedoria','2023-07-20 20:05:18','2023-07-20 20:05:18'),(0000000059,'Coragem','2023-07-20 20:05:27','2023-07-20 20:05:27'),(0000000060,'Esperança','2023-07-20 20:05:35','2023-07-20 20:05:35'),(0000000061,'Perseverança','2023-07-20 20:06:07','2023-07-20 20:06:07'),(0000000062,'Autoconhecimento','2023-07-20 20:06:17','2023-07-20 20:06:17'),(0000000063,'Gratidão','2023-07-20 20:07:30','2023-07-20 20:07:30'),(0000000064,'Aventura','2023-07-20 20:07:38','2023-07-20 20:07:38'),(0000000065,'Tempo','2023-07-20 20:07:46','2023-07-20 20:07:46'),(0000000066,'Natureza','2023-07-20 20:07:53','2023-07-20 20:07:53'),(0000000067,'Filosofia','2023-07-20 20:08:00','2023-07-20 20:08:00'),(0000000068,'Sonhos','2023-07-20 20:08:40','2023-07-20 20:08:40'),(0000000069,'Crescimento pessoal','2023-07-20 20:08:59','2023-07-20 20:08:59'),(0000000070,'Positividade','2023-07-20 20:09:05','2023-07-20 20:09:05'),(0000000071,'Mudança','2023-07-20 20:09:12','2023-07-20 20:09:12'),(0000000072,'Empreendedorismo','2023-07-20 20:09:20','2023-07-20 20:09:20'),(0000000073,'Coração partido (desilusão amorosa)','2023-07-20 20:09:33','2023-07-20 20:09:33'),(0000000074,'Autoconfiança','2023-07-20 20:09:42','2023-07-20 20:09:42'),(0000000075,'Resiliência','2023-07-20 20:09:49','2023-07-20 20:09:49'),(0000000076,'Amor-próprio','2023-07-20 20:10:00','2023-07-20 20:10:00'),(0000000077,'Sabedoria de vida','2023-07-20 20:10:08','2023-07-20 20:10:08'),(0000000078,'Sabedoria popular','2023-07-20 20:10:16','2023-07-20 20:10:16'),(0000000079,'Motivação esportiva','2023-07-20 20:10:24','2023-07-20 20:10:24'),(0000000080,'Engraçadas','2023-07-20 20:10:33','2023-07-20 20:18:29'),(0000000081,'Para tatuagens','2023-07-20 20:10:49','2023-07-20 20:10:49'),(0000000082,'Filmes','2023-07-20 20:10:57','2023-07-20 20:10:57'),(0000000083,'Séries','2023-07-20 20:11:06','2023-07-20 20:11:06'),(0000000084,'Músicas','2023-07-20 20:11:51','2023-07-20 20:11:51'),(0000000085,'Autores famosos','2023-07-20 20:11:58','2023-07-20 20:11:58'),(0000000086,'Personagens históricos','2023-07-20 20:12:08','2023-07-20 20:12:08'),(0000000087,'importância do perdão ','2023-07-20 20:12:19','2023-07-20 20:12:19'),(0000000088,' Animes','2023-07-20 20:16:42','2023-07-20 20:16:42'),(0000000089,'Natureza humana','2023-07-20 20:17:24','2023-07-20 20:17:24'),(0000000090,'Juventude','2023-07-20 20:17:35','2023-07-20 20:17:35'),(0000000091,'Envelhecimento','2023-07-20 20:17:46','2023-07-20 20:17:46'),(0000000092,'Amizade verdadeira','2023-07-20 20:18:09','2023-07-20 20:18:09'),(0000000093,'Força interior','2023-07-20 20:20:40','2023-07-20 20:20:40'),(0000000094,'Educação','2023-07-20 20:20:54','2023-07-20 20:21:28'),(0000000095,'Persistência','2023-07-20 20:21:12','2023-07-20 20:21:12'),(0000000096,'Justiça','2023-07-20 20:21:54','2023-07-20 20:21:54'),(0000000097,'Injustiça','2023-07-20 20:22:03','2023-07-20 20:22:03'),(0000000098,'Conquistas','2023-07-20 20:22:17','2023-07-20 20:22:17'),(0000000099,'Reflexão','2023-07-20 20:22:28','2023-07-20 20:22:28'),(0000000100,'Criatividade','2023-07-20 20:22:38','2023-07-20 20:22:38'),(0000000101,'Empatia','2023-07-20 20:22:51','2023-07-20 20:22:51'),(0000000102,'Simplicidade','2023-07-20 20:23:01','2023-07-20 20:23:01'),(0000000103,'Resiliência emocional','2023-07-20 20:23:29','2023-07-20 20:23:29'),(0000000104,'Paciência','2023-07-20 20:23:40','2023-07-20 20:23:40'),(0000000105,'Autenticidade','2023-07-20 20:23:49','2023-07-20 20:23:49'),(0000000106,'Relacionamentos saudáveis','2023-07-20 20:24:05','2023-07-20 20:24:05'),(0000000107,'Liberdade de expressão','2023-07-20 20:24:16','2023-07-20 20:24:16'),(0000000108,'Autocuidado','2023-07-20 20:24:28','2023-07-20 20:24:28'),(0000000109,'Pensamento positivo','2023-07-20 20:24:39','2023-07-20 20:24:39'),(0000000110,'pensamento da madrugada','2023-07-20 20:24:50','2023-07-20 20:24:50'),(0000000111,'Motivacionais diárias','2023-07-20 20:25:04','2023-07-20 20:25:04'),(0000000112,'Luto e superação','2023-07-20 20:25:45','2023-07-20 20:25:45'),(0000000113,'Honestidade','2023-07-20 20:26:01','2023-07-20 20:26:01'),(0000000114,'Gratidão diária','2023-07-20 20:26:14','2023-07-20 20:26:14'),(0000000115,'Diversidade','2023-07-20 20:26:27','2023-07-20 20:26:27'),(0000000116,'Autodesenvolvimento','2023-07-20 20:26:38','2023-07-20 20:26:38'),(0000000117,'Compaixão','2023-07-20 20:26:58','2023-07-20 20:27:17'),(0000000118,'Bíblicas','2023-07-20 20:40:49','2023-07-20 20:40:49'),(0000000119,'Programador','2023-07-20 20:41:43','2023-07-20 20:41:43'),(0000000120,'Samora Machel','2023-07-20 21:12:23','2023-07-20 21:12:23');
/*!40000 ALTER TABLE `categorias` ENABLE KEYS */;
UNLOCK TABLES;

--
-- Table structure for table `failed_jobs`
--

DROP TABLE IF EXISTS `failed_jobs`;
/*!40101 SET @saved_cs_client     = @@character_set_client */;
/*!50503 SET character_set_client = utf8mb4 */;
CREATE TABLE `failed_jobs` (
  `id` bigint unsigned NOT NULL AUTO_INCREMENT,
  `uuid` varchar(255) COLLATE utf8mb4_unicode_ci NOT NULL,
  `connection` text COLLATE utf8mb4_unicode_ci NOT NULL,
  `queue` text COLLATE utf8mb4_unicode_ci NOT NULL,
  `payload` longtext COLLATE utf8mb4_unicode_ci NOT NULL,
  `exception` longtext COLLATE utf8mb4_unicode_ci NOT NULL,
  `failed_at` timestamp NOT NULL DEFAULT CURRENT_TIMESTAMP,
  PRIMARY KEY (`id`),
  UNIQUE KEY `failed_jobs_uuid_unique` (`uuid`)
) ENGINE=InnoDB DEFAULT CHARSET=utf8mb4 COLLATE=utf8mb4_unicode_ci;
/*!40101 SET character_set_client = @saved_cs_client */;

--
-- Dumping data for table `failed_jobs`
--

LOCK TABLES `failed_jobs` WRITE;
/*!40000 ALTER TABLE `failed_jobs` DISABLE KEYS */;
/*!40000 ALTER TABLE `failed_jobs` ENABLE KEYS */;
UNLOCK TABLES;

--
-- Table structure for table `frases`
--

DROP TABLE IF EXISTS `frases`;
/*!40101 SET @saved_cs_client     = @@character_set_client */;
/*!50503 SET character_set_client = utf8mb4 */;
CREATE TABLE `frases` (
  `id` bigint unsigned NOT NULL AUTO_INCREMENT,
  `nome` varchar(255) COLLATE utf8mb4_unicode_ci NOT NULL,
  `created_at` timestamp NULL DEFAULT NULL,
  `updated_at` timestamp NULL DEFAULT NULL,
  PRIMARY KEY (`id`)
) ENGINE=InnoDB AUTO_INCREMENT=275 DEFAULT CHARSET=utf8mb4 COLLATE=utf8mb4_unicode_ci;
/*!40101 SET character_set_client = @saved_cs_client */;

--
-- Dumping data for table `frases`
--

LOCK TABLES `frases` WRITE;
/*!40000 ALTER TABLE `frases` DISABLE KEYS */;
INSERT INTO `frases` VALUES (29,'\"Amarás o Senhor teu Deus de todo o teu coração, de toda a tua alma e de todo o teu entendimento.\"','2023-07-20 07:10:02','2023-07-20 20:42:48'),(30,'gdgd','2023-07-20 15:30:00','2023-07-20 15:30:00'),(31,'kcxjbvkbfkjbkkfjvi','2023-07-20 15:30:37','2023-07-20 15:30:37'),(32,'nbcvkcgkhch','2023-07-20 17:11:07','2023-07-20 17:11:07'),(33,'hkjgbjkbjlhlvjv hvku','2023-07-20 17:11:20','2023-07-20 17:11:20'),(34,'\"Eu sou o caminho, a verdade e a vida; ninguém vem ao Pai senão por mim.\" - João 14:6','2023-07-20 20:44:36','2023-07-20 20:45:39'),(35,'\"Eu sou a luz do mundo; quem me segue não andará nas trevas; pelo contrário, terá a luz da vida.\" - João 8:12','2023-07-20 20:45:24','2023-07-20 20:45:24'),(36,'\"Amarás o teu próximo como a ti mesmo.\" - Marcos 12:31','2023-07-20 20:45:48','2023-07-20 20:45:48'),(37,'\"Se alguém quer vir após mim, negue-se a si mesmo, tome a sua cruz, e siga-me.\" - Mateus 16:24','2023-07-20 20:45:55','2023-07-20 20:45:55'),(38,'\"Eu sou o bom Pastor; o bom Pastor dá a sua vida pelas ovelhas.\" - João 10:11','2023-07-20 20:46:01','2023-07-20 20:46:01'),(39,'\"Ame o seu inimigo, faça o bem aos que o odeiam.\" - Lucas 6:27','2023-07-20 20:46:08','2023-07-20 20:46:08'),(40,'\"Bem-aventurados os pobres de espírito, porque deles é o Reino dos Céus.\" - Mateus 5:3','2023-07-20 20:46:18','2023-07-20 20:46:18'),(41,'\"Seja misericordioso, assim como o vosso Pai é misericordioso.\" - Lucas 6:36','2023-07-20 20:46:25','2023-07-20 20:46:25'),(42,'\"Bem-aventurados os que têm fome e sede de justiça, porque serão fartos.\" - Mateus 5:6','2023-07-20 20:46:31','2023-07-20 20:46:31'),(43,'\"Se você quiser ser perfeito, vá, venda os seus bens e dê o dinheiro aos pobres, e você terá um tesouro nos céus. Depois, venha e siga-me.\" - Mateus 19:21','2023-07-20 20:46:40','2023-07-20 20:46:54'),(44,'\"Não julgueis segundo a aparência, mas julgai segundo a reta justiça.\" - João 7:24','2023-07-20 20:47:02','2023-07-20 20:47:02'),(45,'\"Bem-aventurados sois vós, quando vos injuriarem e perseguirem e, mentindo, disserem todo mal contra vós, por minha causa.\" - Mateus 5:11','2023-07-20 20:47:36','2023-07-20 20:47:36'),(46,'\"Eis que estou à porta e bato; se alguém ouvir a minha voz e abrir a porta, entrarei em sua casa e cearei com ele, e ele, comigo.\" - Apocalipse 3:20','2023-07-20 20:47:43','2023-07-20 20:47:43'),(47,'\"Eu sou o pão da vida; aquele que vem a mim não terá fome, e quem crê em mim nunca terá sede.\" - João 6:35','2023-07-20 20:47:54','2023-07-20 20:47:54'),(48,'\"Amarás ao Senhor, teu Deus, de todo o teu coração, de toda a tua alma, de todo o teu entendimento e de todas as tuas forças.\" - Marcos 12:30','2023-07-20 20:48:55','2023-07-20 20:48:55'),(49,'\"Portanto, eu lhes digo: Tudo o que vocês pedirem em oração, creiam que já o receberam, e assim lhes sucederá.\" - Marcos 11:24','2023-07-20 20:49:01','2023-07-20 20:49:01'),(50,'\"Eu sou a ressurreição e a vida; quem crê em mim, ainda que esteja morto, viverá.\" - João 11:25','2023-07-20 20:49:08','2023-07-20 20:49:08'),(51,'\"Eu vim para que tenham vida e a tenham em abundância.\" - João 10:10','2023-07-20 20:49:26','2023-07-20 20:49:26'),(52,'\"Quem entre vós estiver sem pecado seja o primeiro a lhe atirar uma pedra.\" - João 8:7','2023-07-20 20:51:02','2023-07-20 20:51:02'),(53,'\"Aquele que não nascer de novo não pode ver o Reino de Deus.\" - João 3:3','2023-07-20 20:51:13','2023-07-20 20:51:13'),(54,'\"Deixo-vos a paz, a minha paz vos dou; não vo-la dou como a dá o mundo.\" - João 14:27','2023-07-20 20:52:38','2023-07-20 20:52:38'),(55,'\"Pois, onde estiver o seu tesouro, ali também estará o seu coração.\" - Mateus 6:21','2023-07-20 20:52:51','2023-07-20 20:52:51'),(56,'\"Eu sou o Alfa e o Ômega, o Primeiro e o Último, o Princípio e o Fim.\" - Apocalipse 22:13','2023-07-20 20:53:00','2023-07-20 20:53:00'),(57,'\"Se alguém quiser vir após mim, negue-se a si mesmo, tome a sua cruz e siga-me.\" - Mateus 16:24','2023-07-20 20:53:15','2023-07-20 20:53:15'),(58,'\"Dai a César o que é de César e a Deus o que é de Deus.\" - Mateus 22:21','2023-07-20 20:53:22','2023-07-20 20:53:22'),(59,'\"O ladrão vem apenas para roubar, matar e destruir; eu vim para que tenham vida e a tenham em abundância.\" - João 10:10','2023-07-20 20:53:28','2023-07-20 20:53:28'),(60,'\"Pedi, e dar-se-vos-á; buscai e encontrareis; batei, e abrir-se-vos-á.\" - Mateus 7:7','2023-07-20 20:53:35','2023-07-20 20:53:35'),(61,'\"Bem-aventurados os limpos de coração, porque eles verão a Deus.\" - Mateus 5:8','2023-07-20 20:53:43','2023-07-20 20:53:43'),(62,'\"Quem quiser tornar-se importante entre vocês deverá ser servo.\" - Mateus 20:26','2023-07-20 20:53:50','2023-07-20 20:53:50'),(63,'\"Não se turbe o vosso coração; credes em Deus, crede também em mim.\" - João 14:1','2023-07-20 20:53:57','2023-07-20 20:53:57'),(64,'\"Amarás o teu próximo como a ti mesmo.\" - Mateus 22:39','2023-07-20 20:54:04','2023-07-20 20:54:04'),(65,'\"Eis que estou convosco todos os dias, até à consumação dos séculos.\" - Mateus 28:20','2023-07-20 20:54:10','2023-07-20 20:54:10'),(66,'\"Ora, a vida eterna é esta: que te conheçam a ti, o único Deus verdadeiro, e a Jesus Cristo, a quem enviaste.\" - João 17:3','2023-07-20 20:54:17','2023-07-20 20:54:17'),(67,'\"Pois Deus enviou o seu Filho ao mundo, não para condenar o mundo, mas para que o mundo fosse salvo por meio dele.\" - João 3:17','2023-07-20 20:54:28','2023-07-20 20:54:28'),(68,'\"Eu sou o bom Pastor; o bom Pastor dá a sua vida pelas ovelhas.\" - João 10:11','2023-07-20 20:54:35','2023-07-20 20:54:35'),(69,'\"Eu sou a videira; vocês são os ramos. Se alguém permanecer em mim e eu nele, esse dará muito fruto; pois sem mim vocês não podem fazer coisa alguma.\" - João 15:5','2023-07-20 20:54:45','2023-07-20 20:54:45'),(70,'\"Aquele que não nascer de novo, não pode ver o Reino de Deus.\" - João 3:3','2023-07-20 20:54:55','2023-07-20 20:54:55'),(71,'\"Não julguem, para que vocês não sejam julgados. Pois da mesma forma que julgarem, vocês serão julgados; e a medida que usarem, também será usada para medir vocês.\" - Mateus 7:1-2','2023-07-20 20:55:07','2023-07-20 20:55:07'),(72,'\"Ninguém pode servir a dois senhores; pois odiará a um e amará o outro, ou se dedicará a um e desprezará o outro.\" - Mateus 6:24','2023-07-20 20:55:14','2023-07-20 20:55:14'),(73,'\"Pedi, e dar-se-vos-á; buscai e encontrareis; batei, e abrir-se-vos-á. Pois todo o que pede, recebe; o que busca, encontra; e, a quem bate, abrir-se-lhe-á.\" - Mateus 7:7-8','2023-07-20 20:55:21','2023-07-20 20:55:21'),(74,'\"Vós sois o sal da terra; mas, se o sal se tornar insípido, com que se há de restaurar-lhe o sabor? Para nada mais presta senão para, lançado fora, ser pisado pelos homens.\" - Mateus 5:13','2023-07-20 20:55:36','2023-07-20 20:55:36'),(75,'\"Aquele que é fiel no pouco, também é fiel no muito; e aquele que é injusto no pouco, também é injusto no muito.\" - Lucas 16:10','2023-07-20 20:55:44','2023-07-20 20:55:44'),(76,'\"Se alguém quer vir após mim, negue-se a si mesmo, tome a sua cruz e siga-me.\" - Mateus 16:24','2023-07-20 20:55:50','2023-07-20 20:55:50'),(77,'\"Eu sou o caminho, a verdade e a vida; ninguém vem ao Pai senão por mim.\" - João 14:6','2023-07-20 20:55:59','2023-07-20 20:55:59'),(78,'\"Amarás ao Senhor teu Deus de todo o teu coração, de toda a tua alma, de todo o teu entendimento e de todas as tuas forças. Este é o primeiro mandamento.\" - Marcos 12:30','2023-07-20 21:01:48','2023-07-20 21:01:48'),(79,'\"Amarás o teu próximo como a ti mesmo.\" - Mateus 22:39','2023-07-20 21:01:56','2023-07-20 21:01:56'),(80,'\"Vós tendes ouvido o que foi dito: \'Ame o seu próximo e odeie o seu inimigo\'. Mas eu lhes digo: Amem os seus inimigos e orem por aqueles que os perseguem.\" - Mateus 5:43-44','2023-07-20 21:02:05','2023-07-20 21:02:05'),(81,'\"Eu vos dou um novo mandamento: que vos ameis uns aos outros; assim como eu vos amei, que também vos ameis uns aos outros. Nisto conhecerão todos que sois meus discípulos: se tiverdes amor uns aos outros.\" - João 13:34-35','2023-07-20 21:02:16','2023-07-20 21:02:16'),(82,'\"Eu vos deixo a paz, a minha paz vos dou; não vo-la dou como o mundo a dá. Não se turbe o vosso coração, nem se atemorize.\" - João 14:27','2023-07-20 21:02:24','2023-07-20 21:02:24'),(83,'\"No mundo tereis aflições; mas tende bom ânimo, eu venci o mundo.\" - João 16:33','2023-07-20 21:02:31','2023-07-20 21:02:31'),(84,'\"Portanto, tudo o que vocês quiserem que os outros façam a vocês, façam também a eles, pois esta é a Lei e os Profetas.\" - Mateus 7:12','2023-07-20 21:02:37','2023-07-20 21:02:37'),(85,'\"Não só de pão viverá o homem, mas de toda palavra que procede da boca de Deus.\" - Mateus 4:4','2023-07-20 21:02:45','2023-07-20 21:02:45'),(86,'\"Estas coisas vos tenho dito para que tenhais paz em mim. No mundo tereis tribulações; mas tende bom ânimo, eu venci o mundo.\" - João 16:33','2023-07-20 21:02:52','2023-07-20 21:02:52'),(87,'\"Não vos preocupeis, pois, com o dia de amanhã: o dia de amanhã terá as suas preocupações próprias. A cada dia basta o seu mal.\" - Mateus 6:34','2023-07-20 21:02:59','2023-07-20 21:02:59'),(88,'\"Em verdade vos digo que, se tiverdes fé e não duvidardes, não só fareis o que foi feito à figueira, mas até mesmo, se a este monte disserdes: Ergue-te e precipita-te no mar, assim será feito.\" - Mateus 21:21','2023-07-20 21:03:07','2023-07-20 21:03:07'),(89,'\"Porque todo aquele que pede, recebe; e o que busca, encontra; e a quem bate, se abrirá.\" - Mateus 7:8','2023-07-20 21:03:15','2023-07-20 21:03:15'),(90,'\"Aquele que come a minha carne e bebe o meu sangue permanece em mim e eu nele.\" - João 6:56','2023-07-20 21:03:21','2023-07-20 21:03:21'),(91,'\"Aquele, pois, que confessar a mim diante dos homens, também eu confessarei diante do meu Pai, que está nos céus.\" - Mateus 10:32','2023-07-20 21:03:27','2023-07-20 21:03:27'),(92,'\"Eu sou a luz do mundo; quem me segue não andará nas trevas; pelo contrário, terá a luz da vida.\" - João 8:12','2023-07-20 21:03:34','2023-07-20 21:03:34'),(93,'\"E quem não toma a sua cruz, e não segue após mim, não é digno de mim.\" - Mateus 10:38','2023-07-20 21:03:42','2023-07-20 21:03:42'),(94,'\"Eu vos dou um novo mandamento: que vos ameis uns aos outros; assim como eu vos amei, que também vos ameis uns aos outros.\" - João 13:34','2023-07-20 21:03:49','2023-07-20 21:03:49'),(95,'\"Deixo-vos a paz, a minha paz vos dou; não vo-la dou como a dá o mundo. Não se turbe o vosso coração, nem se atemorize.\" - João 14:27','2023-07-20 21:03:55','2023-07-20 21:03:55'),(96,'\"E todo aquele que vive e crê em mim, nunca morrerá. Crês tu isto?\" - João 11:26','2023-07-20 21:04:02','2023-07-20 21:04:02'),(97,'\"Bem-aventurados os pobres de espírito, porque deles é o Reino dos Céus.\" - Mateus 5:3','2023-07-20 21:04:11','2023-07-20 21:04:11'),(98,'\"Vinde a mim todos os que estais cansados e oprimidos, e eu vos aliviarei.\" - Mateus 11:28','2023-07-20 21:04:18','2023-07-20 21:04:18'),(99,'\"Não fui enviado senão às ovelhas perdidas da casa de Israel.\" - Mateus 15:24','2023-07-20 21:04:25','2023-07-20 21:04:25'),(100,'\"Porque o Filho do Homem veio buscar e salvar o perdido.\" - Lucas 19:10','2023-07-20 21:04:32','2023-07-20 21:04:32'),(101,'\"E eis que estou convosco todos os dias, até a consumação dos séculos.\" - Mateus 28:20','2023-07-20 21:04:40','2023-07-20 21:04:40'),(102,'Eu sou o Alfa e o Ômega, o Primeiro e o Último, o Princípio e o Fim.\" - Apocalipse 22:13','2023-07-20 21:05:01','2023-07-20 21:05:01'),(103,'\"E a segunda [lei] é semelhante a ela: Amarás o teu próximo como a ti mesmo.\" - Mateus 22:39','2023-07-20 21:05:09','2023-07-20 21:05:09'),(104,'\"Digo-lhes a verdade: Se alguém crer em mim, fará as mesmas obras que tenho feito e até maiores, porque eu vou para o Pai.\" - João 14:12','2023-07-20 21:05:18','2023-07-20 21:05:18'),(105,'\"Eis que estou à porta e bato; se alguém ouvir a minha voz e abrir a porta, entrarei em sua casa e cearei com ele, e ele, comigo.\" - Apocalipse 3:20','2023-07-20 21:05:29','2023-07-20 21:05:29'),(106,'\"Na casa de meu Pai há muitas moradas. Se assim não fora, eu vo-lo teria dito. Pois vou preparar-vos lugar.\" - João 14:2','2023-07-20 21:05:35','2023-07-20 21:05:35'),(107,'\"Eu sou o pão da vida; quem vem a mim, jamais terá fome; e quem crê em mim, jamais terá sede.\" - João 6:35','2023-07-20 21:05:41','2023-07-20 21:05:41'),(108,'\"De que adianta alguém ganhar o mundo inteiro e perder a sua alma?\" - Marcos 8:36','2023-07-20 21:05:50','2023-07-20 21:05:50'),(109,'\"Se alguém quer vir após mim, negue-se a si mesmo, tome a sua cruz e siga-me.\" - Marcos 8:34','2023-07-20 21:06:04','2023-07-20 21:06:04'),(110,'\"Se vocês permanecerem firmes na minha palavra, verdadeiramente serão meus discípulos. E conhecerão a verdade, e a verdade os libertará.\" - João 8:31-32','2023-07-20 21:06:13','2023-07-20 21:06:13'),(111,'\"Se vocês permanecerem firmes na minha palavra, verdadeiramente serão meus discípulos. E conhecerão a verdade, e a verdade os libertará.\" - João 8:31-32','2023-07-20 21:08:03','2023-07-20 21:08:03'),(112,'\"Não pensem que vim abolir a Lei ou os Profetas; não vim abolir, mas cumprir.\" - Mateus 5:17','2023-07-20 21:08:45','2023-07-20 21:08:45'),(113,'\"Em verdade vos digo que, se não vos converterdes e não vos tornardes como crianças, de modo algum entrareis no Reino dos Céus.\" - Mateus 18:3','2023-07-20 21:08:53','2023-07-20 21:08:53'),(114,'\"E eu rogo por eles; não rogo pelo mundo, mas por aqueles que me deste, porque são teus.\" - João 17:9','2023-07-20 21:09:01','2023-07-20 21:09:01'),(115,'\"Por isso, vos digo: não andeis ansiosos pela vossa vida, quanto ao que haveis de comer ou beber; nem pelo vosso corpo, quanto ao que haveis de vestir.\" - Mateus 6:25','2023-07-20 21:09:08','2023-07-20 21:09:08'),(116,'\"Ninguém pode ver o Reino de Deus se não nascer de novo.\" - João 3:3','2023-07-20 21:09:15','2023-07-20 21:09:15'),(117,'\"O que vós, pois, desejais que os homens vos façam, fazei-o vós a eles, porque esta é a lei e os profetas.\" - Mateus 7:12','2023-07-20 21:09:22','2023-07-20 21:09:22'),(118,'\"Se alguém quiser vir após mim, renuncie-se a si mesmo, tome sobre si a sua cruz e siga-me.\" - Mateus 16:24','2023-07-20 21:09:30','2023-07-20 21:09:30'),(119,'\"Pedi, e dar-se-vos-á; buscai e encontrareis; batei, e abrir-se-vos-á.\" - Mateus 7:7','2023-07-20 21:09:38','2023-07-20 21:09:38'),(120,'\"Porque o Filho do Homem veio buscar e salvar o que estava perdido.\" - Lucas 19:10','2023-07-20 21:09:45','2023-07-20 21:09:45'),(121,'\"Ouvi e entendei: o que contamina o homem não é o que entra pela boca, mas o que sai da boca, isso é o que contamina o homem.\" - Mateus 15:10-11','2023-07-20 21:09:52','2023-07-20 21:09:52'),(122,'\"Vigiai e orai, para que não entreis em tentação.\" - Mateus 26:41','2023-07-20 21:09:59','2023-07-20 21:09:59'),(123,'\"O que queres que eu te faça?\" - Marcos 10:51','2023-07-20 21:10:07','2023-07-20 21:10:07'),(124,'\"Quem come a minha carne e bebe o meu sangue tem a vida eterna.\" - João 6:54','2023-07-20 21:10:15','2023-07-20 21:10:15'),(125,'\"O Espírito do Senhor está sobre mim, porquanto ele me ungiu para anunciar boas novas aos pobres.\" - Lucas 4:18','2023-07-20 21:10:23','2023-07-20 21:10:23'),(126,'\"Se vós permanecerdes na minha palavra, verdadeiramente sereis meus discípulos.\" - João 8:31','2023-07-20 21:10:29','2023-07-20 21:10:29'),(127,'\"Porque o Filho do Homem veio salvar o que estava perdido.\" - Mateus 18:11','2023-07-20 21:10:37','2023-07-20 21:10:37'),(128,'\"Pai, perdoa-lhes, pois não sabem o que fazem.\" - Lucas 23:34','2023-07-20 21:10:45','2023-07-20 21:10:45'),(129,'\"Em verdade te digo: hoje estarás comigo no Paraíso.\" - Lucas 23:43','2023-07-20 21:10:53','2023-07-20 21:10:53'),(130,'\"Mulher, eis aí teu filho!\" - João 19:26','2023-07-20 21:10:59','2023-07-20 21:10:59'),(131,'\"Deus meu, Deus meu, por que me desamparaste?\" - Mateus 27:46','2023-07-20 21:11:06','2023-07-20 21:11:06'),(132,'\"Está consumado!\" - João 19:30','2023-07-20 21:11:12','2023-07-20 21:11:12'),(133,'\"A luta continua, vitória é certa.\"','2023-07-20 21:14:17','2023-07-20 21:14:17'),(134,'\"A liberdade não se pede, conquista-se.\"','2023-07-20 21:14:26','2023-07-20 21:14:26'),(135,'\"Não basta ser livre, é preciso sentir-se livre.\"','2023-07-20 21:14:33','2023-07-20 21:14:33'),(136,'\"A educação é a arma mais poderosa que você pode usar para mudar o mundo.\"','2023-07-20 21:14:40','2023-07-20 21:14:40'),(137,'\"A liberdade é uma luta constante.\"','2023-07-20 21:14:46','2023-07-20 21:14:46'),(138,'\"A liberdade é uma luta constante.\"','2023-07-20 21:14:46','2023-07-20 21:14:46'),(139,'\"A independência não é apenas desfrutar dos nossos recursos, mas sim aprender a produzir.\"','2023-07-20 21:14:52','2023-07-20 21:14:52'),(140,'\"A história não se esquece daqueles que dão a vida por ela.\"','2023-07-20 21:15:01','2023-07-20 21:15:01'),(141,'\"O homem livre é aquele que não tem medo de ir até o fim.\"','2023-07-20 21:15:10','2023-07-20 21:15:10'),(142,'\"Nenhum obstáculo é grande demais quando se luta pelo bem do povo.\"','2023-07-20 21:15:20','2023-07-20 21:15:20'),(143,'\"O patriotismo é amar o seu país e lutar por um futuro melhor para todos.\"','2023-07-20 21:15:26','2023-07-20 21:15:26'),(144,'\"A unidade é o alicerce para a construção de uma nação forte.\"','2023-07-20 21:15:34','2023-07-20 21:15:34'),(145,'\"Não há conquistas sem sacrifícios.\"','2023-07-20 21:15:40','2023-07-20 21:15:40'),(146,'\"Nenhum povo pode ser realmente livre enquanto ainda estiver oprimido.\"','2023-07-20 21:15:47','2023-07-20 21:15:47'),(147,'\"A vitória não é apenas para o líder, mas para o povo.\"','2023-07-20 21:15:55','2023-07-20 21:15:55'),(148,'\"A justiça é a base de uma sociedade próspera.\"','2023-07-20 21:16:03','2023-07-20 21:16:03'),(149,'\"A solidariedade é a força que nos une e nos torna invencíveis.\"','2023-07-20 21:16:11','2023-07-20 21:16:11'),(150,'\"Nenhum país pode se desenvolver sem investir em seu povo.\"','2023-07-20 21:16:19','2023-07-20 21:16:19'),(151,'\"A verdadeira liberdade está em ser dono de seu próprio destino.\"','2023-07-20 21:16:27','2023-07-20 21:16:27'),(152,'\"A esperança é a luz que nos guia em meio às trevas.\"','2023-07-20 21:16:44','2023-07-20 21:16:44'),(153,'\"A maior arma contra a opressão é o conhecimento.\"','2023-07-20 21:16:50','2023-07-20 21:16:50'),(154,'\"Um homem sem cultura é como uma zebra sem riscas.\"','2023-07-20 21:17:14','2023-07-20 21:17:14'),(155,'\"A pátria não se escolhe, mas ama-se e constrói-se.\"','2023-07-20 21:17:20','2023-07-20 21:17:20'),(156,'\"A luta contra o colonialismo, o neocolonialismo e o imperialismo é um dever sagrado.\"','2023-07-20 21:17:27','2023-07-20 21:17:27'),(157,'\"Somos um país independente, não somos independentes de tudo, mas somos independentes para decidir o que é melhor para nós.\"','2023-07-20 21:17:34','2023-07-20 21:17:34'),(158,'\"A igualdade para todos não é uma concessão, mas uma obrigação do Estado.\"','2023-07-20 21:17:41','2023-07-20 21:17:41'),(159,'\"As armas são apenas ferramentas para a luta, a luta é feita pelo povo.\"','2023-07-20 21:17:49','2023-07-20 21:17:49'),(160,'\"A cultura é a pátria em que o povo se reconhece e se projeta para o futuro.\"','2023-07-20 21:17:55','2023-07-20 21:17:55'),(161,'\"A emancipação das mulheres é a chave para a liberdade do povo.\"','2023-07-20 21:18:03','2023-07-20 21:18:03'),(162,'\"Não queremos apenas uma independência política, mas também uma independência econômica e cultural.\"','2023-07-20 21:18:10','2023-07-20 21:18:10'),(163,'\"Não devemos apenas combater a opressão, mas também criar uma nova sociedade mais justa.\"','2023-07-20 21:18:16','2023-07-20 21:18:16'),(164,'\"Amar não é olhar um para o outro, é olhar juntos na mesma direção.\" - Antoine de Saint-Exupéry','2023-07-20 21:22:36','2023-07-20 21:22:36'),(165,'\"O amor é a única força capaz de transformar um inimigo num amigo.\" - Martin Luther King Jr.','2023-07-20 21:22:44','2023-07-20 21:22:44'),(166,'\"O amor é a luz que ilumina quem o dá e o recebe.\" - John Lennon','2023-07-20 21:22:54','2023-07-20 21:22:54'),(167,'\"Amar é encontrar na felicidade de outrem a própria felicidade.\" - Gottfried Leibniz','2023-07-20 21:23:00','2023-07-20 21:23:00'),(168,'\"O amor não se vê com os olhos, mas com o coração.\" - William Shakespeare','2023-07-20 21:23:08','2023-07-20 21:23:08'),(169,'\"Amar é cuidar do outro sem querer nada em troca.\" - Paulo Coelho','2023-07-20 21:23:16','2023-07-20 21:23:16'),(170,'\"Amar é doar-se sem medida e receber com gratidão.\" - Santo Agostinho','2023-07-20 21:23:24','2023-07-20 21:23:24'),(171,'\"O amor não tem idade, está sempre a nascer.\" - Blaise Pascal','2023-07-20 21:23:32','2023-07-20 21:23:32'),(172,'\"Amar é querer estar perto, mesmo estando longe.\" - Anônimo','2023-07-20 21:23:38','2023-07-20 21:23:38'),(173,'\"O verdadeiro amor é saber valorizar o que se tem, quando se tem.\" - Anônimo','2023-07-20 21:23:46','2023-07-20 21:23:46'),(174,'\"A verdadeira amizade é como a saúde: o seu valor é raramente reconhecido até que seja perdida.\" - Charles Caleb Colton','2023-07-20 21:24:21','2023-07-20 21:24:21'),(175,'\"Amigos são a família que escolhemos para nós mesmos.\" - Edna Buchanan','2023-07-20 21:24:28','2023-07-20 21:24:28'),(176,'\"Amizade é quando duas pessoas sabem tudo sobre você e ainda assim gostam de você.\" - Elbert Hubbard','2023-07-20 21:24:41','2023-07-20 21:24:41'),(177,'\"O verdadeiro amigo é aquele que entra quando todos os demais saem.\" - Walter Winchell','2023-07-20 21:24:48','2023-07-20 21:24:48'),(178,'\"Uma amizade verdadeira é aquela que está de pé mesmo quando o mundo desaba ao redor.\"','2023-07-20 21:24:54','2023-07-20 21:24:54'),(179,'\"A amizade duplica as alegrias e divide as tristezas.\" - Francis Bacon','2023-07-20 21:25:01','2023-07-20 21:25:01'),(180,'\"Um amigo é alguém que conhece a sua canção e canta-a de volta quando você a esquece.\" - Anônimo','2023-07-20 21:25:12','2023-07-20 21:25:12'),(181,'\"A amizade é um amor que nunca morre.\" - Mário Quintana','2023-07-20 21:25:19','2023-07-20 21:25:19'),(182,'\"Amizade não é sobre quem veio primeiro ou quem veio por último. É sobre quem veio e nunca foi embora.\" - Anônimo','2023-07-20 21:25:27','2023-07-20 21:25:27'),(183,'\"A amizade é o ingrediente mais importante na receita da vida.\" - Anônimo','2023-07-20 21:25:34','2023-07-20 21:25:34'),(184,'\"Um verdadeiro amigo é alguém que te aceita do jeito que você é, mas também te ajuda a ser melhor.\" - Anônimo','2023-07-20 21:25:41','2023-07-20 21:25:41'),(185,'\"A amizade é o conforto indescritível de nos sentirmos seguros com uma pessoa, sem ser preciso pesar o que se pensa, nem medir o que se diz.\" - George Eliot','2023-07-20 21:25:49','2023-07-20 21:25:49'),(186,'\"Amizade é a única cola que mantém o mundo unido.\" - Woodrow Wilson','2023-07-20 21:25:56','2023-07-20 21:25:56'),(187,'\"O melhor espelho é um amigo antigo.\" - George Herbert','2023-07-20 21:26:05','2023-07-20 21:26:05'),(188,'\"A amizade é o tesouro mais valioso da vida.\" - Anônimo','2023-07-20 21:26:12','2023-07-20 21:26:12'),(189,'\"Eu nunca desisto. Nunca vou voltar atrás! Este é o meu jeito ninja!\" (Naruto Uzumaki)','2023-07-20 21:28:29','2023-07-20 21:28:29'),(190,'\"Eu sou o futuro Hokage! Acredite nisso!\" (Naruto Uzumaki)','2023-07-20 21:28:36','2023-07-20 21:28:36'),(191,'\"Eu sou forte porque eu tenho pessoas para proteger.\" (Naruto Uzumaki)','2023-07-20 21:28:45','2023-07-20 21:28:45'),(192,'\"Acho que as pessoas que não têm qualquer coisa importante que valha a pena proteger, também não têm qualquer coisa importante que valha a pena desafiar.\" (Naruto Uzumaki)','2023-07-20 21:28:53','2023-07-20 21:28:53'),(193,'\"É errado ficar sempre olhando para trás. Continue seguindo em frente e procure alguém melhor que você.\" (Zabuza Momochi)','2023-07-20 21:29:01','2023-07-20 21:29:01'),(194,'\"Aqueles que não entendem o verdadeiro significado da dor não podem nunca entender a verdadeira paz.\" (Nagato/Pain)','2023-07-20 21:29:08','2023-07-20 21:29:08'),(195,'\"Quando você faz parte do Time 7, você pode fazer qualquer coisa!\" (Sakura Haruno)','2023-07-20 21:29:16','2023-07-20 21:29:16'),(196,'\"Os verdadeiros ninjas são aqueles que se esforçam ao máximo para alcançar seus sonhos.\" (Kakashi Hatake)','2023-07-20 21:29:23','2023-07-20 21:29:23'),(197,'\"Eu vou me tornar um Hokage maior do que todos os Hokages anteriores! Para ser reconhecido por todos, esse é o meu sonho!\" - Naruto Uzumaki','2023-07-20 21:31:05','2023-07-20 21:31:05'),(198,'\"Eu não sou um herói, mas aqueles que não desistem são os verdadeiros heróis!\" - Naruto Uzumaki','2023-07-20 21:31:12','2023-07-20 21:31:12'),(199,'\"Um coração cheio de ódio não pode entender o verdadeiro amor e amizade!\" - Naruto Uzumaki','2023-07-20 21:31:23','2023-07-20 21:31:23'),(200,'\"A dor é o preço da força.\" - Naruto Uzumaki','2023-07-20 21:31:34','2023-07-20 21:31:34'),(201,'\"Aqueles que quebram as regras são considerados lixo, mas aqueles que abandonam seus amigos são piores do que lixo.\" - Kakashi Hatake','2023-07-20 21:31:45','2023-07-20 21:31:45'),(202,'\"O trabalho em equipe é essencial. Ele dá a eles a chance de serem heroicos.\" - Kakashi Hatake','2023-07-20 21:31:52','2023-07-20 21:31:52'),(203,'\"Em sociedade, aqueles que não possuem muitas habilidades devem cooperar uns com os outros.\" - Kakashi Hatake','2023-07-20 21:31:59','2023-07-20 21:31:59'),(204,'\"A verdadeira medida de um shinobi é não mostrar nenhum vestígio de lágrimas, nem mesmo num mundo onde está tudo coberto de lágrimas.\" - Itachi Uchiha','2023-07-20 21:32:08','2023-07-20 21:32:08'),(205,'\"Pensar que você é diferente dos outros... É isso o que te faz fraco.\" - Itachi Uchiha','2023-07-20 21:32:20','2023-07-20 21:32:20'),(206,'\"Um ninja não desiste, até que morra. Vire um bom shinobi, e não envergonhe este nome.\" - Jiraiya','2023-07-20 21:32:31','2023-07-20 21:32:31'),(207,'\"Para que a luz possa brilhar, a escuridão é necessária.\" - Jiraiya','2023-07-20 21:32:57','2023-07-20 21:32:57'),(208,'\"Aqueles que não entendem a verdadeira dor não podem entender a verdadeira paz.\" - Pain/Nagato','2023-07-20 21:33:04','2023-07-20 21:33:04'),(209,'\"A dor é o primeiro passo em direção à compreensão.\" - Pain/Nagato','2023-07-20 21:33:13','2023-07-20 21:33:13'),(210,'\"Eu sou um vingador. O ódio me mantém vivo.\" - Sasuke Uchiha','2023-07-20 21:33:26','2023-07-20 21:33:26'),(211,'\"Aqueles que não podem admitir suas próprias falhas estão destinados ao fracasso.\" - Sasuke Uchiha','2023-07-20 21:33:34','2023-07-20 21:33:34'),(212,'\"O destino é algo que você deve ser seu próprio mestre.\" - Madara Uchiha','2023-07-20 21:36:10','2023-07-20 21:36:10'),(213,'\"É impossível fugir da morte. Alguém está sempre perseguindo você.\" - Madara Uchiha','2023-07-20 21:37:25','2023-07-20 21:37:25'),(214,'\"Um simples ato de cuidado, cria uma infinita corrente.\" - Madara Uchiha','2023-07-20 21:37:35','2023-07-20 21:37:35'),(215,'\"Aqueles que não entendem a verdadeira dor não podem compreender a verdadeira paz.\" - Madara Uchiha','2023-07-20 21:37:42','2023-07-20 21:37:42'),(216,'\"Não importa o quão poderosa a ilusão seja, ela não pode enganar a realidade.\" - Madara Uchiha','2023-07-20 21:37:49','2023-07-20 21:37:49'),(217,'\"Tudo está sujeito a mudanças, inclusive nós mesmos.\" - Madara Uchiha','2023-07-20 21:37:58','2023-07-20 21:37:58'),(218,'\"O destino é algo que você mesmo deve forjar.\" - Madara Uchiha','2023-07-20 21:38:05','2023-07-20 21:38:05'),(219,'\"A verdadeira batalha começa agora.\" - Madara Uchiha','2023-07-20 21:38:13','2023-07-20 21:38:13'),(220,'\"A paz só é possível através do poder absoluto.\" - Madara Uchiha','2023-07-20 21:38:21','2023-07-20 21:38:21'),(221,'\"Um líder não pode deixar seu povo morrer.\" - Madara Uchiha','2023-07-20 21:38:28','2023-07-20 21:38:28'),(222,'\"Pouco a pouco, os sonhos de ontem se tornam esperanças para o amanhã.\" - Madara Uchiha','2023-07-20 21:38:35','2023-07-20 21:38:35'),(223,'\"As palavras de um irmão sempre acertam o coração de seu irmão.\" - Madara Uchiha','2023-07-20 21:38:42','2023-07-20 21:38:42'),(224,'\"Mesmo que você seja forte agora, há sempre alguém ainda mais forte ao seu redor.\" - Madara Uchiha','2023-07-20 21:38:55','2023-07-20 21:38:55'),(225,'\"Um mundo sem ódio... Pensei que esse era o mundo dos sonhos dos Uchiha. Mas esse sonho é inalcançável.\" - Madara Uchiha','2023-07-20 21:39:22','2023-07-20 21:39:22'),(226,'\"Poder só traz solidão. Se você quer poder, você tem que estar disposto a enfrentar a solidão.\" - Madara Uchiha','2023-07-20 21:39:31','2023-07-20 21:39:31'),(227,'Os verdadeiros vilões são um conjunto de heróis.\" - Madara Uchiha','2023-07-20 21:39:38','2023-07-20 21:39:38'),(228,'\"As pessoas não entendem que, quando você ganha poder, você perde algo também.\" - Madara Uchiha','2023-07-20 21:39:45','2023-07-20 21:39:45'),(229,'\"O passado é algo que você não deve esquecer, mas algo que você não pode aceitar.\" - Madara Uchiha','2023-07-20 21:39:52','2023-07-20 21:39:52'),(230,'\"Os olhos só conseguem ver o que o coração deseja.\" - Madara Uchiha','2023-07-20 21:39:59','2023-07-20 21:39:59'),(231,'\"Você não vai alcançar nada sem sacrificar algo. Você precisa começar a perder algo para ganhar algo.\" - Madara Uchiha','2023-07-20 21:40:08','2023-07-20 21:40:08'),(232,'\"O poder absoluto corrompe absolutamente.\" - Madara Uchiha','2023-07-20 21:40:16','2023-07-20 21:40:16'),(233,'\"Uma verdadeira lenda nunca morre, mesmo depois de se tornar pó.\" - Madara Uchiha','2023-07-20 21:40:24','2023-07-20 21:40:24'),(234,'\"A fraqueza é uma escolha, não algo imposto a você.\" - Madara Uchiha','2023-07-20 21:40:32','2023-07-20 21:40:32'),(235,'\"Quando se vive por muito tempo, você começa a perder coisas importantes.\" - Madara Uchiha','2023-07-20 21:40:39','2023-07-20 21:40:39'),(236,'\"A história não é construída em verdades. As palavras são só palavras.\" - Madara Uchiha','2023-07-20 21:40:46','2023-07-20 21:40:46'),(237,'\"Os sentimentos das pessoas são muito complicados. Através de seus olhos, eles mostram tudo.\" - Madara Uchiha','2023-07-20 21:40:58','2023-07-20 21:40:58'),(238,'\"É impossível fugir da morte. Alguém está sempre perseguindo você.\" - Madara Uchiha','2023-07-20 21:43:22','2023-07-20 21:43:22'),(239,'\"Um simples ato de cuidado, cria uma infinita corrente.\" - Madara Uchiha','2023-07-20 21:43:30','2023-07-20 21:43:30'),(240,'\"Aqueles que não entendem a verdadeira dor não podem compreender a verdadeira paz.\" - Madara Uchiha','2023-07-20 21:43:36','2023-07-20 21:43:36'),(241,'\"Não importa o quão poderosa a ilusão seja, ela não pode enganar a realidade.\" - Madara Uchiha','2023-07-20 21:43:42','2023-07-20 21:43:42'),(242,'\"Tudo está sujeito a mudanças, inclusive nós mesmos.\" - Madara Uchiha','2023-07-20 21:43:49','2023-07-20 21:43:49'),(243,'\"O destino é algo que você mesmo deve forjar.\" - Madara Uchiha','2023-07-20 21:43:57','2023-07-20 21:43:57'),(244,'\"A verdadeira batalha começa agora.\" - Madara Uchiha','2023-07-20 21:44:05','2023-07-20 21:44:05'),(245,'\"A paz só é possível através do poder absoluto.\" - Madara Uchiha','2023-07-20 21:44:12','2023-07-20 21:44:12'),(246,'\"Um líder não pode deixar seu povo morrer.\" - Madara Uchiha','2023-07-20 21:44:19','2023-07-20 21:44:19'),(247,'\"Pouco a pouco, os sonhos de ontem se tornam esperanças para o amanhã.\" - Madara Uchiha','2023-07-20 21:44:26','2023-07-20 21:44:26'),(248,'\"As palavras de um irmão sempre acertam o coração de seu irmão.\" - Madara Uchiha','2023-07-20 21:44:38','2023-07-20 21:44:38'),(249,'\"Mesmo que você seja forte agora, há sempre alguém ainda mais forte ao seu redor.\" - Madara Uchiha','2023-07-20 21:44:45','2023-07-20 21:44:45'),(250,'\"A única coisa que importa no mundo shinobi é o resultado.\" - Madara Uchiha','2023-07-20 21:44:57','2023-07-20 21:44:57'),(251,'\"É o trabalho dos pais proteger seus filhos. Mas, às vezes, são os filhos que protegem seus pais.\" - Madara Uchiha','2023-07-20 21:45:04','2023-07-20 21:45:04'),(252,'\"As pessoas são tolas. Não têm valor algum se não forem úteis.\" - Madara Uchiha','2023-07-20 21:45:12','2023-07-20 21:45:12'),(253,'\"Ninguém gosta de alguém que age superior o tempo todo.\" - Madara Uchiha','2023-07-20 21:45:20','2023-07-20 21:45:20'),(254,'\"Toda ação tem uma razão, mesmo que seja imperceptível.\" - Madara Uchiha','2023-07-20 21:45:28','2023-07-20 21:45:28'),(255,'\"Não adianta se lamentar por suas escolhas. Elas são parte de quem você é agora.\" - Madara Uchiha','2023-07-20 21:45:36','2023-07-20 21:45:36'),(256,'\"Você não pode deixar o passado consumi-lo. Você precisa seguir em frente.\" - Madara Uchiha','2023-07-20 21:45:44','2023-07-20 21:45:44'),(257,'\"A única coisa que importa é se você está disposto a fazer qualquer coisa para realizar seus desejos.\" - Madara Uchiha','2023-07-20 21:45:51','2023-07-20 21:45:51'),(258,'\"A escuridão é onde o verdadeiro poder é encontrado.\" - Madara Uchiha','2023-07-20 21:45:59','2023-07-20 21:45:59'),(259,'\"O ódio é uma corrente que nos prende ao passado.\" - Madara Uchiha','2023-07-20 21:46:07','2023-07-20 21:46:07'),(260,'\"A guerra é uma luta por direitos, o que torna a paz uma luta pelos sonhos.\" - Madara Uchiha','2023-07-20 21:46:14','2023-07-20 21:46:14'),(261,'\"Aqueles que não entendem a dor verdadeira não podem entender o verdadeiro amor.\" - Madara Uchiha','2023-07-20 21:46:23','2023-07-20 21:46:23'),(262,'\"As ações têm consequências, e as palavras têm poder.\" - Madara Uchiha','2023-07-20 21:46:31','2023-07-20 21:46:31'),(263,'Você pode ver claramente apenas com o coração. O que é essencial é invisível aos olhos.\" - Madara Uchiha','2023-07-20 21:46:38','2023-07-20 21:46:38'),(264,'\"O passado é uma sombra que sempre nos persegue.\" - Madara Uchiha','2023-07-20 21:46:46','2023-07-20 21:46:46'),(265,'\"A dor é o primeiro passo em direção à compreensão.\" - Nagato/Pain','2023-07-20 21:47:27','2023-07-20 21:47:27'),(266,'\"Para obter a paz, você precisa estar disposto a sacrificar tudo.\" - Nagato/Pain','2023-07-20 21:47:35','2023-07-20 21:47:35'),(267,'\"A dor é o que nos torna humanos.\" - Nagato/Pain','2023-07-20 21:47:42','2023-07-20 21:47:42'),(268,'\"Aqueles que não entendem a dor verdadeira não podem compreender a verdadeira paz.\" - Nagato/Pain','2023-07-20 21:47:51','2023-07-20 21:47:51'),(269,'\"Aqueles que não podem reconhecer seu próprio pecado estão destinados a falhar.\" - Nagato/Pain','2023-07-20 21:47:58','2023-07-20 21:47:58'),(270,'\"A dor e o sofrimento nos ensinam lições valiosas.\" - Nagato/Pain','2023-07-20 21:48:04','2023-07-20 21:48:04'),(271,'\"O ódio só pode ser superado pelo poder da compreensão e do amor.\" - Nagato/Pain','2023-07-20 21:48:15','2023-07-20 21:48:15'),(272,'\"Quando a paz é mantida à força, ela se torna apenas uma ilusão.\" - Nagato/Pain','2023-07-20 21:48:24','2023-07-20 21:48:24'),(273,'\"A verdadeira paz não é a ausência de conflito, mas a capacidade de lidar com ele.\" - Nagato/Pain','2023-07-20 21:48:32','2023-07-20 21:48:32'),(274,'\"É o sofrimento que nos torna mais fortes e nos ensina a valorizar a paz.\" - Nagato/Pain','2023-07-20 21:48:40','2023-07-20 21:48:40');
/*!40000 ALTER TABLE `frases` ENABLE KEYS */;
UNLOCK TABLES;

--
-- Table structure for table `migrations`
--

DROP TABLE IF EXISTS `migrations`;
/*!40101 SET @saved_cs_client     = @@character_set_client */;
/*!50503 SET character_set_client = utf8mb4 */;
CREATE TABLE `migrations` (
  `id` int unsigned NOT NULL AUTO_INCREMENT,
  `migration` varchar(255) COLLATE utf8mb4_unicode_ci NOT NULL,
  `batch` int NOT NULL,
  PRIMARY KEY (`id`)
) ENGINE=InnoDB AUTO_INCREMENT=8 DEFAULT CHARSET=utf8mb4 COLLATE=utf8mb4_unicode_ci;
/*!40101 SET character_set_client = @saved_cs_client */;

--
-- Dumping data for table `migrations`
--

LOCK TABLES `migrations` WRITE;
/*!40000 ALTER TABLE `migrations` DISABLE KEYS */;
INSERT INTO `migrations` VALUES (1,'2014_10_12_000000_create_users_table',1),(2,'2014_10_12_100000_create_password_reset_tokens_table',1),(3,'2019_08_19_000000_create_failed_jobs_table',1),(4,'2019_12_14_000001_create_personal_access_tokens_table',1),(5,'2023_07_17_201906_create_pensaodors_table',2),(6,'2023_07_17_214606_create_categorias_table',2),(7,'2023_07_17_225139_create_frases_table',3);
/*!40000 ALTER TABLE `migrations` ENABLE KEYS */;
UNLOCK TABLES;

--
-- Table structure for table `password_reset_tokens`
--

DROP TABLE IF EXISTS `password_reset_tokens`;
/*!40101 SET @saved_cs_client     = @@character_set_client */;
/*!50503 SET character_set_client = utf8mb4 */;
CREATE TABLE `password_reset_tokens` (
  `email` varchar(255) COLLATE utf8mb4_unicode_ci NOT NULL,
  `token` varchar(255) COLLATE utf8mb4_unicode_ci NOT NULL,
  `created_at` timestamp NULL DEFAULT NULL,
  PRIMARY KEY (`email`)
) ENGINE=InnoDB DEFAULT CHARSET=utf8mb4 COLLATE=utf8mb4_unicode_ci;
/*!40101 SET character_set_client = @saved_cs_client */;

--
-- Dumping data for table `password_reset_tokens`
--

LOCK TABLES `password_reset_tokens` WRITE;
/*!40000 ALTER TABLE `password_reset_tokens` DISABLE KEYS */;
/*!40000 ALTER TABLE `password_reset_tokens` ENABLE KEYS */;
UNLOCK TABLES;

--
-- Table structure for table `pensaodors`
--

DROP TABLE IF EXISTS `pensaodors`;
/*!40101 SET @saved_cs_client     = @@character_set_client */;
/*!50503 SET character_set_client = utf8mb4 */;
CREATE TABLE `pensaodors` (
  `id` bigint unsigned NOT NULL AUTO_INCREMENT,
  `created_at` timestamp NULL DEFAULT NULL,
  `updated_at` timestamp NULL DEFAULT NULL,
  PRIMARY KEY (`id`)
) ENGINE=InnoDB DEFAULT CHARSET=utf8mb4 COLLATE=utf8mb4_unicode_ci;
/*!40101 SET character_set_client = @saved_cs_client */;

--
-- Dumping data for table `pensaodors`
--

LOCK TABLES `pensaodors` WRITE;
/*!40000 ALTER TABLE `pensaodors` DISABLE KEYS */;
/*!40000 ALTER TABLE `pensaodors` ENABLE KEYS */;
UNLOCK TABLES;

--
-- Table structure for table `personal_access_tokens`
--

DROP TABLE IF EXISTS `personal_access_tokens`;
/*!40101 SET @saved_cs_client     = @@character_set_client */;
/*!50503 SET character_set_client = utf8mb4 */;
CREATE TABLE `personal_access_tokens` (
  `id` bigint unsigned NOT NULL AUTO_INCREMENT,
  `tokenable_type` varchar(255) COLLATE utf8mb4_unicode_ci NOT NULL,
  `tokenable_id` bigint unsigned NOT NULL,
  `name` varchar(255) COLLATE utf8mb4_unicode_ci NOT NULL,
  `token` varchar(64) COLLATE utf8mb4_unicode_ci NOT NULL,
  `abilities` text COLLATE utf8mb4_unicode_ci,
  `last_used_at` timestamp NULL DEFAULT NULL,
  `expires_at` timestamp NULL DEFAULT NULL,
  `created_at` timestamp NULL DEFAULT NULL,
  `updated_at` timestamp NULL DEFAULT NULL,
  PRIMARY KEY (`id`),
  UNIQUE KEY `personal_access_tokens_token_unique` (`token`),
  KEY `personal_access_tokens_tokenable_type_tokenable_id_index` (`tokenable_type`,`tokenable_id`)
) ENGINE=InnoDB DEFAULT CHARSET=utf8mb4 COLLATE=utf8mb4_unicode_ci;
/*!40101 SET character_set_client = @saved_cs_client */;

--
-- Dumping data for table `personal_access_tokens`
--

LOCK TABLES `personal_access_tokens` WRITE;
/*!40000 ALTER TABLE `personal_access_tokens` DISABLE KEYS */;
/*!40000 ALTER TABLE `personal_access_tokens` ENABLE KEYS */;
UNLOCK TABLES;

--
-- Table structure for table `users`
--

DROP TABLE IF EXISTS `users`;
/*!40101 SET @saved_cs_client     = @@character_set_client */;
/*!50503 SET character_set_client = utf8mb4 */;
CREATE TABLE `users` (
  `id` bigint unsigned NOT NULL AUTO_INCREMENT,
  `name` varchar(255) COLLATE utf8mb4_unicode_ci NOT NULL,
  `email` varchar(255) COLLATE utf8mb4_unicode_ci NOT NULL,
  `email_verified_at` timestamp NULL DEFAULT NULL,
  `password` varchar(255) COLLATE utf8mb4_unicode_ci NOT NULL,
  `remember_token` varchar(100) COLLATE utf8mb4_unicode_ci DEFAULT NULL,
  `created_at` timestamp NULL DEFAULT NULL,
  `updated_at` timestamp NULL DEFAULT NULL,
  PRIMARY KEY (`id`),
  UNIQUE KEY `users_email_unique` (`email`)
) ENGINE=InnoDB AUTO_INCREMENT=2 DEFAULT CHARSET=utf8mb4 COLLATE=utf8mb4_unicode_ci;
/*!40101 SET character_set_client = @saved_cs_client */;

--
-- Dumping data for table `users`
--

LOCK TABLES `users` WRITE;
/*!40000 ALTER TABLE `users` DISABLE KEYS */;
INSERT INTO `users` VALUES (1,'Arnaldo Tomo','arnaldotomo@gmail.com',NULL,'$2y$10$gkphL6imMlOm5U4Oi7JjIe4YXXCkx.tDEYUpiFkrZ1gmhFzHqIJzC',NULL,'2023-07-16 15:59:20','2023-07-16 15:59:20');
/*!40000 ALTER TABLE `users` ENABLE KEYS */;
UNLOCK TABLES;
/*!40103 SET TIME_ZONE=@OLD_TIME_ZONE */;

/*!40101 SET SQL_MODE=@OLD_SQL_MODE */;
/*!40014 SET FOREIGN_KEY_CHECKS=@OLD_FOREIGN_KEY_CHECKS */;
/*!40014 SET UNIQUE_CHECKS=@OLD_UNIQUE_CHECKS */;
/*!40101 SET CHARACTER_SET_CLIENT=@OLD_CHARACTER_SET_CLIENT */;
/*!40101 SET CHARACTER_SET_RESULTS=@OLD_CHARACTER_SET_RESULTS */;
/*!40101 SET COLLATION_CONNECTION=@OLD_COLLATION_CONNECTION */;
/*!40111 SET SQL_NOTES=@OLD_SQL_NOTES */;

-- Dump completed on 2023-07-21 21:18:33
